{
  "Workflows": [
    {
      "Path": null,
      "SortBy": 0,
      "VariablesSectionElementsOrder": [],
      "ArgumentsSectionElementsOrder": null,
      "ConstantsSectionElementsOrder": null,
      "AddedNamespaces": null
    },
    {
      "Path": "Compare Two Image Pixel By Pixel.xaml",
      "SortBy": 0,
      "VariablesSectionElementsOrder": [],
      "ArgumentsSectionElementsOrder": [
        "in_ImagePath2",
        "in_ImagePath1",
        "out_ExecutionResultMessage",
        "out_ComparisionResult"
      ],
      "ConstantsSectionElementsOrder": null,
      "AddedNamespaces": null
    },
    {
      "Path": "Validate Image DPI Value.xaml",
      "SortBy": 0,
      "VariablesSectionElementsOrder": [],
      "ArgumentsSectionElementsOrder": [
        "in_ImagePath",
        "out_HorizontalResolution",
        "out_ExecutionResultMessage",
        "out_ImageSize",
        "out_ImageHeightPixel",
        "out_ImageWidthPixel",
        "out_VerticalResoluiton",
        "out_ImageDPIValue"
      ],
      "ConstantsSectionElementsOrder": null,
      "AddedNamespaces": null
    },
    {
      "Path": "Validate Image Hexacode.xaml",
      "SortBy": 0,
      "VariablesSectionElementsOrder": [
        "regResults&Sequence_1",
        "listHexaCodeValues&Sequence_1",
        "jsonStringHexacode&Sequence_1"
      ],
      "ArgumentsSectionElementsOrder": [
        "out_HexacodeFound",
        "in_FilePath",
        "out_HexacodeOccurences",
        "in_SerachHexacode"
      ],
      "ConstantsSectionElementsOrder": null,
      "AddedNamespaces": null
    },
    {
      "Path": "Merge Two Images.xaml",
      "SortBy": 0,
      "VariablesSectionElementsOrder": [
        "MergedImage&Sequence_1"
      ],
      "ArgumentsSectionElementsOrder": [
        "out_ExecutionResultMessage",
        "in_MergedFileNameWithPath",
        "in_ImagePath2",
        "in_ImagePath1"
      ],
      "ConstantsSectionElementsOrder": null,
      "AddedNamespaces": null
    },
    {
      "Path": "Extract Image Text.xaml",
      "SortBy": 0,
      "VariablesSectionElementsOrder": [
        "LoadImage&Sequence_1"
      ],
      "ArgumentsSectionElementsOrder": [
        "in_EndPoint",
        "out_RegexResults",
        "out_ExecutionResultMessage",
        "out_RegexResultFirstMatch",
        "in_RegexPattern",
        "out_ExtractedText",
        "in_APIKey",
        "in_ImagePath"
      ],
      "ConstantsSectionElementsOrder": null,
      "AddedNamespaces": null
    }
  ]
}